count,frequency,word
7477,0.052502229431301915,no
7004,0.04918090342876001,the
4647,0.03263044806302796,is
4528,0.03179485018923834,are
3965,0.027841559408200094,normal
3404,0.02390231228890621,xxxx
3319,0.023305456664770772,of
3295,0.023136932723838415,and
2990,0.020995274307823022,acute
2785,0.01955579897902579,pleural
2768,0.019436427854198704,or
2513,0.017645860981792393,pneumothorax
2453,0.017224551129461495,heart
2443,0.01715433282073968,there
2390,0.016782175784514054,effusion
2344,0.0164591715643937,lungs
2216,0.015560377212754453,size
1876,0.013172954716212706,focal
1867,0.013109758238363071,clear
1693,0.01188795966660347,in
1671,0.011733479387415474,pulmonary
1653,0.011607086431716205,within
1641,0.011522824461250027,disease
1629,0.011438562490783847,cardiopulmonary
1589,0.011157689255896582,limits
1443,0.010132501948558068,right
1224,0.008594720987550293,left
1178,0.00827171676742994,consolidation
1117,0.007843385084226861,abnormality
1084,0.007611664665444868,with
1033,0.007253551290963606,silhouette
1011,0.00709907101177561,airspace
1006,0.007063961857414702,mediastinal
982,0.006895437916482344,lung
883,0.006200276660136364,stable
822,0.005771944976933285,cardiomediastinal
710,0.004985499919248945,changes
681,0.004781866823955678,chest
657,0.00461334288302332,findings
653,0.004585255559534593,evidence
637,0.004472906265579687,a
635,0.004458862603835324,spine
634,0.004451840772963143,mild
625,0.004388644295113508,unremarkable
610,0.004283316832030783,thoracic
603,0.004234164015925512,contour
603,0.004234164015925512,mediastinum
598,0.004199054861564604,without
591,0.004149902045459333,structures
579,0.004065640074993154,for
576,0.004044574582376609,to
556,0.0039041379649329766,contours
540,0.0037917886709780708,bony
534,0.003749657685744981,seen
528,0.0037075267005118916,effusions
506,0.003553046421323896,degenerative
493,0.003461762619985535,opacity
488,0.003426653465624627,large
477,0.003349413326030629,calcified
475,0.003335369664286266,upper
473,0.0033213260025419028,atelectasis
465,0.00326515135556445,lobe
464,0.003258129524692268,cardiac
448,0.0031457802307373623,appear
433,0.003040452767654638,opacities
416,0.002921081642827551,osseous
414,0.0029070379810831877,vascularity
382,0.002682339393173376,identified
374,0.002626164746195923,cardiomegaly
373,0.0026191429153237414,intact
369,0.002591055591835015,edema
361,0.002534880944857562,active
361,0.002534880944857562,process
356,0.0024997717904966543,lateral
356,0.0024997717904966543,lower
347,0.0024365753126470197,visualized
336,0.0023593351730530217,volumes
332,0.0023312478495642955,aorta
326,0.002289116864331206,abnormalities
323,0.002268051371714661,vasculature
320,0.002246985879098116,noted
307,0.002155702077759755,low
301,0.0021135710925266654,infiltrate
293,0.0020573964455492125,on
287,0.002015265460316123,bilateral
280,0.0019661126442108517,small
276,0.0019380253207221252,air
274,0.0019239816589777619,prior
272,0.0019099379972333987,pneumonia
259,0.0018186541958950377,be
258,0.001811632365022856,may
258,0.001811632365022856,base
256,0.0017975887032784929,bilaterally
252,0.0017695013797897664,negative
246,0.0017273703945566766,interstitial
239,0.0016782175784514053,present
236,0.0016571520858348605,scarring
232,0.001629064762346134,appearance
222,0.001558846453624318,grossly
219,0.0015377809610077732,nodules
219,0.0015377809610077732,rib
212,0.001488628144902502,unchanged
209,0.001467562652285957,otherwise
206,0.0014464971596694122,granuloma
204,0.001432453497925049,this
203,0.0014254316670528674,enlarged
200,0.0014043661744363226,space
196,0.0013762788509475961,interval
195,0.0013692570200754144,free
193,0.0013552133583310513,basilar
189,0.0013271260348423249,hilar
181,0.001270951387864872,chronic
178,0.0012498858952483271,minimal
175,0.0012288204026317821,at
172,0.0012077549100152373,visible
169,0.0011866894173986925,which
166,0.0011656239247821477,vascular
164,0.0011515802630377844,definite
162,0.0011375366012934213,mildly
162,0.0011375366012934213,represent
160,0.001123492939549058,aortic
159,0.0011164711086768765,from
157,0.0011024274469325131,thorax
155,0.00108838378518815,both
153,0.0010743401234437867,soft
151,0.0010602964616994236,radiographic
147,0.001032209138210697,masses
147,0.001032209138210697,granulomatous
147,0.001032209138210697,not
145,0.0010181654764663337,tortuous
143,0.0010041218147219706,bibasilar
143,0.0010041218147219706,pneumothoraces
142,0.000997099983849789,consistent
142,0.000997099983849789,expanded
140,0.0009830563221054258,infiltrates
139,0.0009760344912332442,view
137,0.0009619908294888809,fracture
135,0.0009479471677445177,hemidiaphragm
135,0.0009479471677445177,increased
134,0.0009409253368723361,fractures
134,0.0009409253368723361,appears
134,0.0009409253368723361,costophrenic
132,0.0009268816751279729,tip
132,0.0009268816751279729,central
131,0.0009198598442557912,nodule
125,0.0008777288590227015,suspicious
125,0.0008777288590227015,change
123,0.0008636851972783383,examination
121,0.0008496415355339752,areas
121,0.0008496415355339752,hyperexpanded
118,0.0008285760429174303,patchy
117,0.0008215542120452487,prominent
116,0.000814532381173067,atherosclerotic
115,0.0008075105503008855,exam
113,0.0007934668885565222,suggest
112,0.0007864450576843406,frontal
111,0.000779423226812159,alveolar
110,0.0007724013959399773,anterior
110,0.0007724013959399773,emphysema
110,0.0007724013959399773,overlying
110,0.0007724013959399773,lymph
109,0.0007653795650677958,an
109,0.0007653795650677958,sternotomy
108,0.0007583577341956141,posterior
108,0.0007583577341956141,density
107,0.0007513359033234326,granulomas
107,0.0007513359033234326,midlung
106,0.000744314072451251,previous
104,0.0007302704107068878,calcifications
103,0.0007232485798347061,moderate
101,0.0007092049180903429,specifically
101,0.0007092049180903429,crowding
100,0.0007021830872181613,markings
100,0.0007021830872181613,clips
99,0.0006951612563459796,as
99,0.0006951612563459796,bronchovascular
97,0.0006811175946016164,spaces
97,0.0006811175946016164,study
96,0.0006740957637294348,patient
96,0.0006740957637294348,tissues
96,0.0006740957637294348,comparison
95,0.0006670739328572532,versus
94,0.0006600521019850716,compatible
94,0.0006600521019850716,typical
93,0.0006530302711128899,adenopathy
93,0.0006530302711128899,catheter
93,0.0006530302711128899,but
92,0.0006460084402407084,has
92,0.0006460084402407084,subsegmental
90,0.0006319647784963451,again
89,0.0006249429476241636,further
89,0.0006249429476241636,nodular
88,0.0006179211167519819,have
88,0.0006179211167519819,midline
88,0.0006179211167519819,evaluation
87,0.0006108992858798003,scattered
86,0.0006038774550076187,cm
86,0.0006038774550076187,streaky
85,0.0005968556241354371,show
85,0.0005968556241354371,views
85,0.0005968556241354371,surgical
85,0.0005968556241354371,old
83,0.0005828119623910739,diaphragm
82,0.0005757901315188922,over
82,0.0005757901315188922,blunting
82,0.0005757901315188922,trachea
80,0.000561746469774529,displaced
80,0.000561746469774529,ct
78,0.0005477028080301657,deformity
78,0.0005477028080301657,most
78,0.0005477028080301657,could
77,0.0005406809771579842,abdomen
76,0.0005336591462858026,cardio
76,0.0005336591462858026,skeletal
75,0.0005266373154136209,if
75,0.0005266373154136209,mid
74,0.0005196154845414394,prominence
74,0.0005196154845414394,limited
74,0.0005196154845414394,hernia
73,0.0005125936536692577,bone
72,0.0005055718227970761,calcification
72,0.0005055718227970761,than
69,0.0004845063301805313,normally
69,0.0004845063301805313,mm
68,0.0004774844993083497,fluid
68,0.0004774844993083497,inflated
68,0.0004774844993083497,middle
67,0.00047046266843616807,silhouettes
66,0.00046344083756398645,multiple
66,0.00046344083756398645,vertebral
66,0.00046344083756398645,body
66,0.00046344083756398645,hiatal
65,0.00045641900669180483,hyperinflated
63,0.0004423753449474416,been
63,0.0004423753449474416,spondylosis
62,0.00043535351407526,due
62,0.00043535351407526,bases
61,0.00042833168320307837,apical
61,0.00042833168320307837,some
61,0.00042833168320307837,borderline
61,0.00042833168320307837,significant
61,0.00042833168320307837,tissue
60,0.00042130985233089675,compared
60,0.00042130985233089675,tortuosity
59,0.00041428802145871514,perihilar
59,0.00041428802145871514,elevation
59,0.00041428802145871514,tuberculosis
59,0.00041428802145871514,consolidations
59,0.00041428802145871514,radiographs
58,0.0004072661905865335,radiograph
58,0.0004072661905865335,secondary
57,0.0004002443597143519,well
56,0.0003932225288421703,finding
56,0.0003932225288421703,infection
56,0.0003932225288421703,demonstrated
56,0.0003932225288421703,obtained
55,0.00038620069796998867,thickening
55,0.00038620069796998867,configuration
54,0.00037917886709780706,emphysematous
54,0.00037917886709780706,svc
54,0.00037917886709780706,mass
54,0.00037917886709780706,congestion
54,0.00037917886709780706,pa
53,0.0003721570362256255,apex
53,0.0003721570362256255,enlargement
52,0.0003651352053534439,slightly
51,0.00035811337448126226,appearing
51,0.00035811337448126226,greater
51,0.00035811337448126226,recommend
51,0.00035811337448126226,projecting
50,0.00035109154360908065,since
50,0.00035109154360908065,was
50,0.00035109154360908065,possibly
49,0.00034406971273689903,elevated
49,0.00034406971273689903,area
48,0.0003370478818647174,diffuse
48,0.0003370478818647174,also
47,0.0003300260509925358,distal
46,0.0003230042201203542,suggestive
46,0.0003230042201203542,osteophytes
46,0.0003230042201203542,ribs
46,0.0003230042201203542,region
45,0.00031598238924817256,postsurgical
45,0.00031598238924817256,under
45,0.00031598238924817256,venous
45,0.00031598238924817256,probable
45,0.00031598238924817256,clavicle
44,0.00030896055837599095,hypoinflated
44,0.00030896055837599095,were
43,0.00030193872750380933,followup
43,0.00030193872750380933,throughout
43,0.00030193872750380933,medial
43,0.00030193872750380933,consists
42,0.0002949168966316277,these
42,0.0002949168966316277,representing
42,0.0002949168966316277,persistent
42,0.0002949168966316277,widening
42,0.0002949168966316277,represents
42,0.0002949168966316277,recommended
41,0.0002878950657594461,intraperitoneal
41,0.0002878950657594461,junction
41,0.0002878950657594461,images
41,0.0002878950657594461,thoracolumbar
41,0.0002878950657594461,would
40,0.0002808732348872645,shoulder
40,0.0002808732348872645,approximately
40,0.0002808732348872645,near
40,0.0002808732348872645,resolution
39,0.00027385140401508287,by
39,0.00027385140401508287,copd
39,0.00027385140401508287,severe
39,0.00027385140401508287,superior
39,0.00027385140401508287,retrocardiac
39,0.00027385140401508287,possible
38,0.0002668295731429013,atrium
38,0.0002668295731429013,similar
38,0.0002668295731429013,tube
38,0.0002668295731429013,scan
37,0.0002598077422707197,superimposed
37,0.0002598077422707197,ap
37,0.0002598077422707197,cervical
37,0.0002598077422707197,any
37,0.0002598077422707197,scoliosis
37,0.0002598077422707197,volume
37,0.0002598077422707197,leads
37,0.0002598077422707197,midthoracic
36,0.0002527859113985381,line
36,0.0002527859113985381,associated
36,0.0002527859113985381,hyperinflation
36,0.0002527859113985381,level
35,0.00024576408052635646,cabg
35,0.00024576408052635646,demonstrate
35,0.00024576408052635646,eventration
35,0.00024576408052635646,reveal
35,0.00024576408052635646,fibrosis
35,0.00024576408052635646,densities
34,0.00023874224965417484,multilevel
34,0.00023874224965417484,remains
34,0.00023874224965417484,suggesting
33,0.00023172041878199322,flattening
33,0.00023172041878199322,however
33,0.00023172041878199322,remain
33,0.00023172041878199322,arthritic
33,0.00023172041878199322,related
32,0.0002246985879098116,technique
32,0.0002246985879098116,quadrant
32,0.0002246985879098116,position
32,0.0002246985879098116,deformities
32,0.0002246985879098116,consider
32,0.0002246985879098116,lobes
32,0.0002246985879098116,biapical
31,0.00021767675703763,clinical
31,0.00021767675703763,improved
31,0.00021767675703763,along
31,0.00021767675703763,overall
30,0.00021065492616544838,picc
30,0.00021065492616544838,top
30,0.00021065492616544838,given
30,0.00021065492616544838,lumbar
30,0.00021065492616544838,disc
30,0.00021065492616544838,lucency
29,0.00020363309529326676,failure
29,0.00020363309529326676,measuring
29,0.00020363309529326676,available
29,0.00020363309529326676,injury
29,0.00020363309529326676,hypoinflation
29,0.00020363309529326676,loss
28,0.00019661126442108514,dense
28,0.00019661126442108514,kyphosis
28,0.00019661126442108514,imaging
28,0.00019661126442108514,excluded
28,0.00019661126442108514,scar
28,0.00019661126442108514,hilum
28,0.00019661126442108514,post
28,0.00019661126442108514,significantly
28,0.00019661126442108514,vague
28,0.00019661126442108514,paratracheal
28,0.00019661126442108514,hyperexpansion
27,0.00018958943354890353,lobar
27,0.00018958943354890353,lingula
27,0.00018958943354890353,bodies
27,0.00018958943354890353,joint
27,0.00018958943354890353,contrast
27,0.00018958943354890353,curvature
27,0.00018958943354890353,clinically
27,0.00018958943354890353,endplate
27,0.00018958943354890353,age
27,0.00018958943354890353,wall
26,0.00018256760267672194,through
26,0.00018256760267672194,abnormal
26,0.00018256760267672194,history
26,0.00018256760267672194,dextroscoliosis
26,0.00018256760267672194,fusion
26,0.00018256760267672194,projection
26,0.00018256760267672194,residual
26,0.00018256760267672194,airways
26,0.00018256760267672194,known
25,0.00017554577180454032,marked
25,0.00017554577180454032,sequela
25,0.00017554577180454032,concerning
25,0.00017554577180454032,helpful
25,0.00017554577180454032,reflect
25,0.00017554577180454032,ventricle
25,0.00017554577180454032,slight
25,0.00017554577180454032,diaphragms
25,0.00017554577180454032,previously
25,0.00017554577180454032,underlying
24,0.0001685239409323587,segment
24,0.0001685239409323587,overt
24,0.0001685239409323587,correlation
24,0.0001685239409323587,question
24,0.0001685239409323587,fat
24,0.0001685239409323587,above
23,0.0001615021100601771,metastatic
23,0.0001615021100601771,more
23,0.0001615021100601771,that
23,0.0001615021100601771,cholecystectomy
23,0.0001615021100601771,healed
23,0.0001615021100601771,descending
23,0.0001615021100601771,diameter
22,0.00015448027918799547,osteopenia
22,0.00015448027918799547,decreased
22,0.00015448027918799547,partially
22,0.00015448027918799547,humeral
22,0.00015448027918799547,engorgement
22,0.00015448027918799547,intrathoracic
22,0.00015448027918799547,one
22,0.00015448027918799547,correlate
22,0.00015448027918799547,redemonstration
22,0.00015448027918799547,subclavian
22,0.00015448027918799547,cannot
21,0.00014745844831581386,artifact
21,0.00014745844831581386,breast
21,0.00014745844831581386,lingular
21,0.00014745844831581386,status
21,0.00014745844831581386,film
21,0.00014745844831581386,parenchymal
21,0.00014745844831581386,somewhat
21,0.00014745844831581386,aeration
21,0.00014745844831581386,extensive
20,0.00014043661744363224,pattern
20,0.00014043661744363224,differential
20,0.00014043661744363224,aspect
20,0.00014043661744363224,obstructive
20,0.00014043661744363224,hemidiaphragms
20,0.00014043661744363224,atrial
20,0.00014043661744363224,peripheral
20,0.00014043661744363224,flattened
20,0.00014043661744363224,pericardial
20,0.00014043661744363224,postoperative
20,0.00014043661744363224,artery
20,0.00014043661744363224,ectatic
20,0.00014043661744363224,probably
20,0.00014043661744363224,knee
20,0.00014043661744363224,zone
20,0.00014043661744363224,bowel
20,0.00014043661744363224,reveals
20,0.00014043661744363224,aerated
19,0.00013341478657145065,few
19,0.00013341478657145065,head
19,0.00013341478657145065,note
19,0.00013341478657145065,infectious
19,0.00013341478657145065,arteries
19,0.00013341478657145065,fissure
19,0.00013341478657145065,adjacent
19,0.00013341478657145065,involving
18,0.00012639295569926904,lesion
18,0.00012639295569926904,valve
18,0.00012639295569926904,nipple
18,0.00012639295569926904,x
18,0.00012639295569926904,suggests
18,0.00012639295569926904,atypical
18,0.00012639295569926904,dilated
18,0.00012639295569926904,rotated
18,0.00012639295569926904,moderately
18,0.00012639295569926904,films
18,0.00012639295569926904,amount
18,0.00012639295569926904,opacification
18,0.00012639295569926904,pelvis
18,0.00012639295569926904,parenchyma
18,0.00012639295569926904,several
18,0.00012639295569926904,external
18,0.00012639295569926904,lymphadenopathy
18,0.00012639295569926904,exclude
18,0.00012639295569926904,blunted
17,0.00011937112482708742,round
17,0.00011937112482708742,irregular
17,0.00011937112482708742,indicated
17,0.00011937112482708742,bandlike
17,0.00011937112482708742,abdominal
17,0.00011937112482708742,lesions
17,0.00011937112482708742,sulcus
17,0.00011937112482708742,preoperative
17,0.00011937112482708742,early
17,0.00011937112482708742,two
17,0.00011937112482708742,atherosclerosis
17,0.00011937112482708742,concern
17,0.00011937112482708742,node
17,0.00011937112482708742,convincing
17,0.00011937112482708742,hypertension
17,0.00011937112482708742,inferior
16,0.0001123492939549058,outside
16,0.0001123492939549058,vein
16,0.0001123492939549058,before
16,0.0001123492939549058,apices
16,0.0001123492939549058,evaluated
16,0.0001123492939549058,diagnosis
16,0.0001123492939549058,factors
16,0.0001123492939549058,removal
16,0.0001123492939549058,stent
16,0.0001123492939549058,exaggerated
16,0.0001123492939549058,neck
16,0.0001123492939549058,appreciated
16,0.0001123492939549058,calcific
16,0.0001123492939549058,spurring
16,0.0001123492939549058,coronary
16,0.0001123492939549058,evaluate
16,0.0001123492939549058,first
16,0.0001123492939549058,it
16,0.0001123492939549058,placement
15,0.00010532746308272419,ascending
15,0.00010532746308272419,result
15,0.00010532746308272419,surgery
15,0.00010532746308272419,technical
15,0.00010532746308272419,development
15,0.00010532746308272419,tracheostomy
15,0.00010532746308272419,humerus
15,0.00010532746308272419,please
15,0.00010532746308272419,other
15,0.00010532746308272419,better
15,0.00010532746308272419,hemithorax
15,0.00010532746308272419,numerous
15,0.00010532746308272419,rounded
15,0.00010532746308272419,continued
15,0.00010532746308272419,subtle
15,0.00010532746308272419,wedge
14,9.830563221054257e-05,ectasia
14,9.830563221054257e-05,questionable
14,9.830563221054257e-05,cavitary
14,9.830563221054257e-05,only
14,9.830563221054257e-05,described
14,9.830563221054257e-05,critical
14,9.830563221054257e-05,primordial
14,9.830563221054257e-05,up
14,9.830563221054257e-05,shadows
14,9.830563221054257e-05,very
14,9.830563221054257e-05,sized
14,9.830563221054257e-05,acromioclavicular
14,9.830563221054257e-05,overlies
14,9.830563221054257e-05,projects
14,9.830563221054257e-05,retrosternal
14,9.830563221054257e-05,monitor
14,9.830563221054257e-05,pacemaker
14,9.830563221054257e-05,device
14,9.830563221054257e-05,remote
14,9.830563221054257e-05,stomach
14,9.830563221054257e-05,studies
14,9.830563221054257e-05,proximal
13,9.128380133836097e-05,characterization
13,9.128380133836097e-05,nonspecific
13,9.128380133836097e-05,removed
13,9.128380133836097e-05,sequelae
13,9.128380133836097e-05,developed
13,9.128380133836097e-05,accentuated
13,9.128380133836097e-05,pectus
13,9.128380133836097e-05,generator
13,9.128380133836097e-05,irregularity
13,9.128380133836097e-05,inflammatory
13,9.128380133836097e-05,levoscoliosis
13,9.128380133836097e-05,collapse
13,9.128380133836097e-05,collection
13,9.128380133836097e-05,jugular
13,9.128380133836097e-05,partial
13,9.128380133836097e-05,foreign
13,9.128380133836097e-05,internal
13,9.128380133836097e-05,redemonstrated
13,9.128380133836097e-05,increase
12,8.426197046617935e-05,notification
12,8.426197046617935e-05,lordotic
12,8.426197046617935e-05,apparent
12,8.426197046617935e-05,dislocation
12,8.426197046617935e-05,overlie
12,8.426197046617935e-05,aspiration
12,8.426197046617935e-05,malignancy
12,8.426197046617935e-05,performed
12,8.426197046617935e-05,cavoatrial
12,8.426197046617935e-05,worsening
12,8.426197046617935e-05,recent
12,8.426197046617935e-05,habitus
12,8.426197046617935e-05,discrete
12,8.426197046617935e-05,suspected
12,8.426197046617935e-05,obscuration
12,8.426197046617935e-05,epicardial
12,8.426197046617935e-05,ij
12,8.426197046617935e-05,rotation
12,8.426197046617935e-05,caliber
12,8.426197046617935e-05,appropriate
12,8.426197046617935e-05,improvement
12,8.426197046617935e-05,aneurysm
12,8.426197046617935e-05,formation
12,8.426197046617935e-05,pneumoperitoneum
11,7.724013959399774e-05,considering
11,7.724013959399774e-05,high
11,7.724013959399774e-05,setting
11,7.724013959399774e-05,worse
11,7.724013959399774e-05,unfolding
11,7.724013959399774e-05,includes
11,7.724013959399774e-05,healing
11,7.724013959399774e-05,osteophyte
11,7.724013959399774e-05,developing
11,7.724013959399774e-05,document
11,7.724013959399774e-05,azygos
11,7.724013959399774e-05,senescent
11,7.724013959399774e-05,dedicated
11,7.724013959399774e-05,demonstrates
11,7.724013959399774e-05,noncalcified
11,7.724013959399774e-05,indicate
11,7.724013959399774e-05,loops
11,7.724013959399774e-05,shift
11,7.724013959399774e-05,joints
11,7.724013959399774e-05,less
11,7.724013959399774e-05,sclerotic
11,7.724013959399774e-05,obscured
11,7.724013959399774e-05,resolved
11,7.724013959399774e-05,subdiaphragmatic
10,7.021830872181612e-05,incompletely
10,7.021830872181612e-05,including
10,7.021830872181612e-05,coarse
10,7.021830872181612e-05,stability
10,7.021830872181612e-05,shows
10,7.021830872181612e-05,relative
10,7.021830872181612e-05,wedging
10,7.021830872181612e-05,spinal
10,7.021830872181612e-05,primary
10,7.021830872181612e-05,gross
10,7.021830872181612e-05,etiology
10,7.021830872181612e-05,suprahilar
10,7.021830872181612e-05,confluent
10,7.021830872181612e-05,chf
10,7.021830872181612e-05,tuberculous
10,7.021830872181612e-05,sulci
10,7.021830872181612e-05,tips
10,7.021830872181612e-05,below
10,7.021830872181612e-05,does
10,7.021830872181612e-05,asymmetric
10,7.021830872181612e-05,carina
10,7.021830872181612e-05,relatively
10,7.021830872181612e-05,hip
10,7.021830872181612e-05,destructive
10,7.021830872181612e-05,measures
10,7.021830872181612e-05,bullous
10,7.021830872181612e-05,cystic
9,6.319647784963452e-05,shunt
9,6.319647784963452e-05,documented
9,6.319647784963452e-05,hypoventilation
9,6.319647784963452e-05,basal
9,6.319647784963452e-05,weeks
9,6.319647784963452e-05,its
9,6.319647784963452e-05,alignment
9,6.319647784963452e-05,additional
9,6.319647784963452e-05,hyperlucent
9,6.319647784963452e-05,confirm
9,6.319647784963452e-05,treatment
9,6.319647784963452e-05,inspiratory
9,6.319647784963452e-05,overlapping
9,6.319647784963452e-05,location
9,6.319647784963452e-05,dr
9,6.319647784963452e-05,decubitus
9,6.319647784963452e-05,remainder
9,6.319647784963452e-05,sarcoidosis
9,6.319647784963452e-05,posttraumatic
9,6.319647784963452e-05,symmetric
9,6.319647784963452e-05,indistinct
9,6.319647784963452e-05,after
9,6.319647784963452e-05,pneumonitis
9,6.319647784963452e-05,axillary
9,6.319647784963452e-05,platelike
9,6.319647784963452e-05,projected
9,6.319647784963452e-05,expected
8,5.61746469774529e-05,tubing
8,5.61746469774529e-05,retraction
8,5.61746469774529e-05,following
8,5.61746469774529e-05,differences
8,5.61746469774529e-05,focus
8,5.61746469774529e-05,widened
8,5.61746469774529e-05,warranted
8,5.61746469774529e-05,osseus
8,5.61746469774529e-05,fourth
8,5.61746469774529e-05,subcutaneous
8,5.61746469774529e-05,infrahilar
8,5.61746469774529e-05,ensure
8,5.61746469774529e-05,caval
8,5.61746469774529e-05,engorged
8,5.61746469774529e-05,glenoid
8,5.61746469774529e-05,bypass
8,5.61746469774529e-05,minimally
8,5.61746469774529e-05,trapping
8,5.61746469774529e-05,single
8,5.61746469774529e-05,lines
8,5.61746469774529e-05,tenderness
8,5.61746469774529e-05,cortical
8,5.61746469774529e-05,end
8,5.61746469774529e-05,increasing
8,5.61746469774529e-05,bronchiectasis
8,5.61746469774529e-05,complete
8,5.61746469774529e-05,causing
8,5.61746469774529e-05,unfolded
8,5.61746469774529e-05,loculated
8,5.61746469774529e-05,include
8,5.61746469774529e-05,interstitium
8,5.61746469774529e-05,examinations
8,5.61746469774529e-05,terminating
8,5.61746469774529e-05,regions
8,5.61746469774529e-05,image
8,5.61746469774529e-05,difficult
8,5.61746469774529e-05,fullness
8,5.61746469774529e-05,obstruction
8,5.61746469774529e-05,obvious
8,5.61746469774529e-05,uncertain
8,5.61746469774529e-05,bullet
8,5.61746469774529e-05,vertebra
8,5.61746469774529e-05,exams
8,5.61746469774529e-05,compartment
8,5.61746469774529e-05,collections
8,5.61746469774529e-05,dislocations
8,5.61746469774529e-05,discussed
8,5.61746469774529e-05,posteriorly
8,5.61746469774529e-05,motion
8,5.61746469774529e-05,fixation
8,5.61746469774529e-05,kyphotic
8,5.61746469774529e-05,although
8,5.61746469774529e-05,advanced
8,5.61746469774529e-05,replacement
8,5.61746469774529e-05,dish
7,4.9152816105271286e-05,extremity
7,4.9152816105271286e-05,fibrotic
7,4.9152816105271286e-05,cancer
7,4.9152816105271286e-05,layering
7,4.9152816105271286e-05,recess
7,4.9152816105271286e-05,incidental
7,4.9152816105271286e-05,curvilinear
7,4.9152816105271286e-05,mitral
7,4.9152816105271286e-05,favored
7,4.9152816105271286e-05,follow
7,4.9152816105271286e-05,demineralization
7,4.9152816105271286e-05,colon
7,4.9152816105271286e-05,overlap
7,4.9152816105271286e-05,margination
7,4.9152816105271286e-05,femur
7,4.9152816105271286e-05,remaining
7,4.9152816105271286e-05,results
7,4.9152816105271286e-05,between
7,4.9152816105271286e-05,nondisplaced
7,4.9152816105271286e-05,cavity
7,4.9152816105271286e-05,diminished
7,4.9152816105271286e-05,addition
7,4.9152816105271286e-05,diffusely
7,4.9152816105271286e-05,predominantly
7,4.9152816105271286e-05,now
7,4.9152816105271286e-05,markers
7,4.9152816105271286e-05,sternum
6,4.213098523308968e-05,reflecting
6,4.213098523308968e-05,quality
6,4.213098523308968e-05,consolidative
6,4.213098523308968e-05,supine
6,4.213098523308968e-05,prosthetic
6,4.213098523308968e-05,time
6,4.213098523308968e-05,hours
6,4.213098523308968e-05,sided
6,4.213098523308968e-05,should
6,4.213098523308968e-05,lobectomy
6,4.213098523308968e-05,fragment
6,4.213098523308968e-05,suture
6,4.213098523308968e-05,tb
6,4.213098523308968e-05,suggested
6,4.213098523308968e-05,useful
6,4.213098523308968e-05,progression
6,4.213098523308968e-05,notified
6,4.213098523308968e-05,pleura
6,4.213098523308968e-05,tubes
6,4.213098523308968e-05,dextrocurvature
6,4.213098523308968e-05,levels
6,4.213098523308968e-05,graft
6,4.213098523308968e-05,remarkable
6,4.213098523308968e-05,axilla
6,4.213098523308968e-05,reactive
6,4.213098523308968e-05,features
6,4.213098523308968e-05,tunneled
6,4.213098523308968e-05,combination
6,4.213098523308968e-05,radiopaque
6,4.213098523308968e-05,portions
6,4.213098523308968e-05,femoral
6,4.213098523308968e-05,scoliotic
6,4.213098523308968e-05,corresponding
6,4.213098523308968e-05,arterial
6,4.213098523308968e-05,rightward
6,4.213098523308968e-05,portion
6,4.213098523308968e-05,narrowing
6,4.213098523308968e-05,resection
6,4.213098523308968e-05,cardiothoracic
6,4.213098523308968e-05,transverse
6,4.213098523308968e-05,convexity
6,4.213098523308968e-05,callus
6,4.213098523308968e-05,approximating
6,4.213098523308968e-05,bullae
6,4.213098523308968e-05,atelectatic
6,4.213098523308968e-05,screw
6,4.213098523308968e-05,ankle
6,4.213098523308968e-05,ventricular
6,4.213098523308968e-05,structure
6,4.213098523308968e-05,based
6,4.213098523308968e-05,pneumomediastinum
6,4.213098523308968e-05,feeding
6,4.213098523308968e-05,suggestion
5,3.510915436090806e-05,congestive
5,3.510915436090806e-05,shape
5,3.510915436090806e-05,postop
5,3.510915436090806e-05,part
5,3.510915436090806e-05,procedure
5,3.510915436090806e-05,largest
5,3.510915436090806e-05,distribution
5,3.510915436090806e-05,arthritis
5,3.510915436090806e-05,markedly
5,3.510915436090806e-05,overload
5,3.510915436090806e-05,thin
5,3.510915436090806e-05,three
5,3.510915436090806e-05,width
5,3.510915436090806e-05,glenohumeral
5,3.510915436090806e-05,carinatum
5,3.510915436090806e-05,sutures
5,3.510915436090806e-05,placed
5,3.510915436090806e-05,granulomata
5,3.510915436090806e-05,material
5,3.510915436090806e-05,characteristic
5,3.510915436090806e-05,retained
5,3.510915436090806e-05,background
5,3.510915436090806e-05,clearing
5,3.510915436090806e-05,subpleural
5,3.510915436090806e-05,like
5,3.510915436090806e-05,stimulator
5,3.510915436090806e-05,mastectomy
5,3.510915436090806e-05,can
5,3.510915436090806e-05,lucent
5,3.510915436090806e-05,resolving
5,3.510915436090806e-05,histoplasmosis
5,3.510915436090806e-05,reticular
5,3.510915436090806e-05,considerations
5,3.510915436090806e-05,technically
5,3.510915436090806e-05,obscure
5,3.510915436090806e-05,dialysis
5,3.510915436090806e-05,entirely
5,3.510915436090806e-05,fractured
5,3.510915436090806e-05,peribronchial
5,3.510915436090806e-05,thoracotomy
5,3.510915436090806e-05,irregularities
5,3.510915436090806e-05,allowing
5,3.510915436090806e-05,reticulonodular
5,3.510915436090806e-05,periphery
5,3.510915436090806e-05,dextro
5,3.510915436090806e-05,side
5,3.510915436090806e-05,destruction
5,3.510915436090806e-05,radiographically
5,3.510915436090806e-05,maintained
5,3.510915436090806e-05,decreasing
5,3.510915436090806e-05,decrease
5,3.510915436090806e-05,consideration
5,3.510915436090806e-05,incidentally
5,3.510915436090806e-05,coarsened
5,3.510915436090806e-05,osteoarthritis
5,3.510915436090806e-05,colonic
5,3.510915436090806e-05,splenic
5,3.510915436090806e-05,benign
5,3.510915436090806e-05,localized
5,3.510915436090806e-05,cardiophrenic
5,3.510915436090806e-05,telephone
5,3.510915436090806e-05,prosthesis
5,3.510915436090806e-05,presence
5,3.510915436090806e-05,excavatum
5,3.510915436090806e-05,smaller
5,3.510915436090806e-05,lobulated
5,3.510915436090806e-05,stripe
5,3.510915436090806e-05,inflammation
5,3.510915436090806e-05,containing
5,3.510915436090806e-05,margin
5,3.510915436090806e-05,see
5,3.510915436090806e-05,vertebrae
5,3.510915436090806e-05,series
5,3.510915436090806e-05,displacement
5,3.510915436090806e-05,about
5,3.510915436090806e-05,larger
5,3.510915436090806e-05,greatest
5,3.510915436090806e-05,renal
5,3.510915436090806e-05,generalized
5,3.510915436090806e-05,determine
5,3.510915436090806e-05,flowing
4,2.808732348872645e-05,multifocal
4,2.808732348872645e-05,brachiocephalic
4,2.808732348872645e-05,marginal
4,2.808732348872645e-05,suspicion
4,2.808732348872645e-05,considered
4,2.808732348872645e-05,total
4,2.808732348872645e-05,rotator
4,2.808732348872645e-05,pathology
4,2.808732348872645e-05,months
4,2.808732348872645e-05,defibrillator
4,2.808732348872645e-05,evident
4,2.808732348872645e-05,attenuation
4,2.808732348872645e-05,obscures
4,2.808732348872645e-05,unclear
4,2.808732348872645e-05,centrally
4,2.808732348872645e-05,located
4,2.808732348872645e-05,inferiorly
4,2.808732348872645e-05,portable
4,2.808732348872645e-05,enteric
4,2.808732348872645e-05,hydropneumothorax
4,2.808732348872645e-05,iv
4,2.808732348872645e-05,clavicular
4,2.808732348872645e-05,discoid
4,2.808732348872645e-05,consolidating
4,2.808732348872645e-05,crowded
4,2.808732348872645e-05,courses
4,2.808732348872645e-05,broken
4,2.808732348872645e-05,exposure
4,2.808732348872645e-05,cuffing
4,2.808732348872645e-05,conspicuous
4,2.808732348872645e-05,therapy
4,2.808732348872645e-05,masslike
4,2.808732348872645e-05,stool
4,2.808732348872645e-05,kub
4,2.808732348872645e-05,notable
4,2.808732348872645e-05,whose
4,2.808732348872645e-05,epigastric
4,2.808732348872645e-05,hyperlucency
4,2.808732348872645e-05,fragments
4,2.808732348872645e-05,though
4,2.808732348872645e-05,stents
4,2.808732348872645e-05,obliquely
4,2.808732348872645e-05,oriented
4,2.808732348872645e-05,hiatus
4,2.808732348872645e-05,another
4,2.808732348872645e-05,alternatively
4,2.808732348872645e-05,tumor
4,2.808732348872645e-05,third
4,2.808732348872645e-05,cyst
4,2.808732348872645e-05,characterized
4,2.808732348872645e-05,bronchi
4,2.808732348872645e-05,report
4,2.808732348872645e-05,elements
4,2.808732348872645e-05,ovoid
4,2.808732348872645e-05,residuals
4,2.808732348872645e-05,satisfactory
4,2.808732348872645e-05,deviation
4,2.808732348872645e-05,receipt
4,2.808732348872645e-05,anticipated
4,2.808732348872645e-05,scars
4,2.808732348872645e-05,comparisons
4,2.808732348872645e-05,liver
4,2.808732348872645e-05,positional
4,2.808732348872645e-05,oblique
4,2.808732348872645e-05,dated
4,2.808732348872645e-05,out
4,2.808732348872645e-05,pads
4,2.808732348872645e-05,indeterminate
4,2.808732348872645e-05,desired
4,2.808732348872645e-05,posterolateral
4,2.808732348872645e-05,review
4,2.808732348872645e-05,intravenous
4,2.808732348872645e-05,neoplasm
4,2.808732348872645e-05,skin
4,2.808732348872645e-05,terminates
4,2.808732348872645e-05,costochondral
4,2.808732348872645e-05,gastroesophageal
4,2.808732348872645e-05,innumerable
4,2.808732348872645e-05,benefit
4,2.808732348872645e-05,particularly
4,2.808732348872645e-05,sclerosis
4,2.808732348872645e-05,possibility
4,2.808732348872645e-05,pathologic
4,2.808732348872645e-05,completely
4,2.808732348872645e-05,levocurvature
4,2.808732348872645e-05,positioning
4,2.808732348872645e-05,reflects
4,2.808732348872645e-05,your
4,2.808732348872645e-05,endotracheal
4,2.808732348872645e-05,fibronodular
4,2.808732348872645e-05,recurrence
4,2.808732348872645e-05,traumatic
4,2.808732348872645e-05,bronchitis
4,2.808732348872645e-05,scapular
4,2.808732348872645e-05,either
4,2.808732348872645e-05,absence
4,2.808732348872645e-05,closure
4,2.808732348872645e-05,innominate
4,2.808732348872645e-05,cleared
4,2.808732348872645e-05,zones
4,2.808732348872645e-05,aicd
3,2.106549261654484e-05,vp
3,2.106549261654484e-05,compressive
3,2.106549261654484e-05,hyperaerated
3,2.106549261654484e-05,fissures
3,2.106549261654484e-05,capping
3,2.106549261654484e-05,chronically
3,2.106549261654484e-05,interpretation
3,2.106549261654484e-05,subluxation
3,2.106549261654484e-05,denser
3,2.106549261654484e-05,formations
3,2.106549261654484e-05,subcarinal
3,2.106549261654484e-05,followed
3,2.106549261654484e-05,hand
3,2.106549261654484e-05,scaphoid
3,2.106549261654484e-05,haziness
3,2.106549261654484e-05,veriphy
3,2.106549261654484e-05,potential
3,2.106549261654484e-05,repair
3,2.106549261654484e-05,detail
3,2.106549261654484e-05,circular
3,2.106549261654484e-05,earlier
3,2.106549261654484e-05,enlarging
3,2.106549261654484e-05,all
3,2.106549261654484e-05,perhaps
3,2.106549261654484e-05,persists
3,2.106549261654484e-05,subpulmonic
3,2.106549261654484e-05,airway
3,2.106549261654484e-05,mixed
3,2.106549261654484e-05,empyema
3,2.106549261654484e-05,indeterminant
3,2.106549261654484e-05,annular
3,2.106549261654484e-05,dependent
3,2.106549261654484e-05,thyroid
3,2.106549261654484e-05,will
3,2.106549261654484e-05,repeat
3,2.106549261654484e-05,implants
3,2.106549261654484e-05,short
3,2.106549261654484e-05,complicating
3,2.106549261654484e-05,vasculatures
3,2.106549261654484e-05,interposition
3,2.106549261654484e-05,metastasis
3,2.106549261654484e-05,superficial
3,2.106549261654484e-05,projectile
3,2.106549261654484e-05,accounting
3,2.106549261654484e-05,highly
3,2.106549261654484e-05,do
3,2.106549261654484e-05,notably
3,2.106549261654484e-05,metastases
3,2.106549261654484e-05,already
3,2.106549261654484e-05,origin
3,2.106549261654484e-05,icd
3,2.106549261654484e-05,same
3,2.106549261654484e-05,poorly
3,2.106549261654484e-05,second
3,2.106549261654484e-05,bridging
3,2.106549261654484e-05,idiopathic
3,2.106549261654484e-05,prostheses
3,2.106549261654484e-05,tricompartmental
3,2.106549261654484e-05,cardia
3,2.106549261654484e-05,obliteration
3,2.106549261654484e-05,hips
3,2.106549261654484e-05,ng
3,2.106549261654484e-05,artifacts
3,2.106549261654484e-05,into
3,2.106549261654484e-05,inlet
3,2.106549261654484e-05,lumbosacral
3,2.106549261654484e-05,sacroiliac
3,2.106549261654484e-05,evolving
3,2.106549261654484e-05,partly
3,2.106549261654484e-05,beneath
3,2.106549261654484e-05,carcinoma
3,2.106549261654484e-05,lucencies
3,2.106549261654484e-05,hypoventilated
3,2.106549261654484e-05,limit
3,2.106549261654484e-05,assess
3,2.106549261654484e-05,circumscribed
3,2.106549261654484e-05,recurrent
3,2.106549261654484e-05,essentially
3,2.106549261654484e-05,confluence
3,2.106549261654484e-05,costicartilage
3,2.106549261654484e-05,chronicity
3,2.106549261654484e-05,recommendations
3,2.106549261654484e-05,reduced
3,2.106549261654484e-05,reaction
3,2.106549261654484e-05,unknown
3,2.106549261654484e-05,bibasal
3,2.106549261654484e-05,ring
3,2.106549261654484e-05,foci
3,2.106549261654484e-05,exaggeration
3,2.106549261654484e-05,bronchial
3,2.106549261654484e-05,cortex
3,2.106549261654484e-05,ivc
3,2.106549261654484e-05,ordering
3,2.106549261654484e-05,physician
3,2.106549261654484e-05,maybe
3,2.106549261654484e-05,sinus
3,2.106549261654484e-05,detailed
3,2.106549261654484e-05,corresponds
3,2.106549261654484e-05,whether
3,2.106549261654484e-05,electronic
3,2.106549261654484e-05,corticated
3,2.106549261654484e-05,densely
3,2.106549261654484e-05,fissural
3,2.106549261654484e-05,behind
3,2.106549261654484e-05,subphrenic
3,2.106549261654484e-05,parahilar
3,2.106549261654484e-05,i
3,2.106549261654484e-05,retrolisthesis
3,2.106549261654484e-05,oblong
3,2.106549261654484e-05,radiodense
3,2.106549261654484e-05,definitively
3,2.106549261654484e-05,informative
3,2.106549261654484e-05,myeloma
3,2.106549261654484e-05,definitely
3,2.106549261654484e-05,contain
3,2.106549261654484e-05,cavitation
3,2.106549261654484e-05,injuries
3,2.106549261654484e-05,included
3,2.106549261654484e-05,rectum
3,2.106549261654484e-05,horizontal
3,2.106549261654484e-05,underinflated
3,2.106549261654484e-05,thickness
3,2.106549261654484e-05,radiation
3,2.106549261654484e-05,questions
3,2.106549261654484e-05,radiologist
3,2.106549261654484e-05,vertebroplasty
3,2.106549261654484e-05,artifactual
3,2.106549261654484e-05,true
3,2.106549261654484e-05,interface
3,2.106549261654484e-05,scapula
3,2.106549261654484e-05,dissection
3,2.106549261654484e-05,collecting
3,2.106549261654484e-05,none
3,2.106549261654484e-05,nonemergent
3,2.106549261654484e-05,fifth
3,2.106549261654484e-05,certainty
3,2.106549261654484e-05,strandy
3,2.106549261654484e-05,deep
3,2.106549261654484e-05,obscuring
3,2.106549261654484e-05,subchondral
3,2.106549261654484e-05,septal
3,2.106549261654484e-05,message
3,2.106549261654484e-05,separation
3,2.106549261654484e-05,surface
3,2.106549261654484e-05,midfoot
3,2.106549261654484e-05,onset
3,2.106549261654484e-05,needed
3,2.106549261654484e-05,appreciable
3,2.106549261654484e-05,calcium
3,2.106549261654484e-05,foot
3,2.106549261654484e-05,persist
3,2.106549261654484e-05,osteopenic
3,2.106549261654484e-05,mediport
2,1.4043661744363226e-05,punctate
2,1.4043661744363226e-05,reside
2,1.4043661744363226e-05,noncontrast
2,1.4043661744363226e-05,hematoma
2,1.4043661744363226e-05,disrupted
2,1.4043661744363226e-05,dimension
2,1.4043661744363226e-05,redistribution
2,1.4043661744363226e-05,largely
2,1.4043661744363226e-05,goiter
2,1.4043661744363226e-05,bronchiolitis
2,1.4043661744363226e-05,superiorly
2,1.4043661744363226e-05,tendinitis
2,1.4043661744363226e-05,orthopedic
2,1.4043661744363226e-05,esophagus
2,1.4043661744363226e-05,neoplastic
2,1.4043661744363226e-05,measure
2,1.4043661744363226e-05,laterally
2,1.4043661744363226e-05,fluoroscopy
2,1.4043661744363226e-05,complication
2,1.4043661744363226e-05,metacarpal
2,1.4043661744363226e-05,lymphoma
2,1.4043661744363226e-05,discuss
2,1.4043661744363226e-05,case
2,1.4043661744363226e-05,thanks
2,1.4043661744363226e-05,osteoporosis
2,1.4043661744363226e-05,substernal
2,1.4043661744363226e-05,identify
2,1.4043661744363226e-05,exact
2,1.4043661744363226e-05,thought
2,1.4043661744363226e-05,upward
2,1.4043661744363226e-05,midabdomen
2,1.4043661744363226e-05,tubular
2,1.4043661744363226e-05,opaque
2,1.4043661744363226e-05,nasogastric
2,1.4043661744363226e-05,hyper
2,1.4043661744363226e-05,demonstration
2,1.4043661744363226e-05,globular
2,1.4043661744363226e-05,persistently
2,1.4043661744363226e-05,bochdalek
2,1.4043661744363226e-05,smooth
2,1.4043661744363226e-05,performance
2,1.4043661744363226e-05,contusion
2,1.4043661744363226e-05,asbestos
2,1.4043661744363226e-05,currently
2,1.4043661744363226e-05,establish
2,1.4043661744363226e-05,being
2,1.4043661744363226e-05,worrisome
2,1.4043661744363226e-05,called
2,1.4043661744363226e-05,piercing
2,1.4043661744363226e-05,interspace
2,1.4043661744363226e-05,common
2,1.4043661744363226e-05,duct
2,1.4043661744363226e-05,uncalcified
2,1.4043661744363226e-05,nonenlarged
2,1.4043661744363226e-05,lumpectomy
2,1.4043661744363226e-05,recesses
2,1.4043661744363226e-05,gunshot
2,1.4043661744363226e-05,wound
2,1.4043661744363226e-05,degeneration
2,1.4043661744363226e-05,defined
2,1.4043661744363226e-05,gastrostomy
2,1.4043661744363226e-05,syndesmophytes
2,1.4043661744363226e-05,hyperostosis
2,1.4043661744363226e-05,patellofemoral
2,1.4043661744363226e-05,subacute
2,1.4043661744363226e-05,chin
2,1.4043661744363226e-05,rotatory
2,1.4043661744363226e-05,embolization
2,1.4043661744363226e-05,narrowed
2,1.4043661744363226e-05,sarcoid
2,1.4043661744363226e-05,heavily
2,1.4043661744363226e-05,lumen
2,1.4043661744363226e-05,approach
2,1.4043661744363226e-05,sacrum
2,1.4043661744363226e-05,interim
2,1.4043661744363226e-05,testes
2,1.4043661744363226e-05,medially
2,1.4043661744363226e-05,paraspinal
2,1.4043661744363226e-05,dominant
2,1.4043661744363226e-05,anteriorly
2,1.4043661744363226e-05,degraded
2,1.4043661744363226e-05,relates
2,1.4043661744363226e-05,positioned
2,1.4043661744363226e-05,symmetrically
2,1.4043661744363226e-05,peripherally
2,1.4043661744363226e-05,filled
2,1.4043661744363226e-05,projectional
2,1.4043661744363226e-05,immediately
2,1.4043661744363226e-05,define
2,1.4043661744363226e-05,require
2,1.4043661744363226e-05,coursing
2,1.4043661744363226e-05,scans
2,1.4043661744363226e-05,nonsclerotic
2,1.4043661744363226e-05,verterbroplasty
2,1.4043661744363226e-05,grafting
2,1.4043661744363226e-05,radiodensity
2,1.4043661744363226e-05,shaped
2,1.4043661744363226e-05,around
2,1.4043661744363226e-05,mortise
2,1.4043661744363226e-05,disruption
2,1.4043661744363226e-05,shielded
2,1.4043661744363226e-05,additionally
2,1.4043661744363226e-05,outflow
2,1.4043661744363226e-05,viral
2,1.4043661744363226e-05,rule
2,1.4043661744363226e-05,pic
2,1.4043661744363226e-05,tapering
2,1.4043661744363226e-05,significance
2,1.4043661744363226e-05,acknowledged
2,1.4043661744363226e-05,esophagectomy
2,1.4043661744363226e-05,margins
2,1.4043661744363226e-05,laryngeal
2,1.4043661744363226e-05,knees
2,1.4043661744363226e-05,plaque
2,1.4043661744363226e-05,dual
2,1.4043661744363226e-05,department
2,1.4043661744363226e-05,piriform
2,1.4043661744363226e-05,prevertebral
2,1.4043661744363226e-05,epiglottis
2,1.4043661744363226e-05,surrounding
2,1.4043661744363226e-05,hyperdense
2,1.4043661744363226e-05,gallbladder
2,1.4043661744363226e-05,impression
2,1.4043661744363226e-05,pm
2,1.4043661744363226e-05,anchors
2,1.4043661744363226e-05,histoplasmoma
2,1.4043661744363226e-05,postradiation
2,1.4043661744363226e-05,towards
2,1.4043661744363226e-05,discordant
2,1.4043661744363226e-05,resolve
2,1.4043661744363226e-05,stigmata
2,1.4043661744363226e-05,cell
2,1.4043661744363226e-05,radiography
2,1.4043661744363226e-05,esophagogastric
2,1.4043661744363226e-05,embolism
2,1.4043661744363226e-05,entire
2,1.4043661744363226e-05,characterize
2,1.4043661744363226e-05,mostly
2,1.4043661744363226e-05,arm
2,1.4043661744363226e-05,loculation
2,1.4043661744363226e-05,dating
2,1.4043661744363226e-05,back
2,1.4043661744363226e-05,opportunity
2,1.4043661744363226e-05,assist
2,1.4043661744363226e-05,care
2,1.4043661744363226e-05,certified
2,1.4043661744363226e-05,clavicles
2,1.4043661744363226e-05,workup
2,1.4043661744363226e-05,except
2,1.4043661744363226e-05,type
2,1.4043661744363226e-05,summation
2,1.4043661744363226e-05,nerve
2,1.4043661744363226e-05,until
2,1.4043661744363226e-05,passive
2,1.4043661744363226e-05,suboptimal
2,1.4043661744363226e-05,raise
2,1.4043661744363226e-05,years
2,1.4043661744363226e-05,ago
2,1.4043661744363226e-05,she
2,1.4043661744363226e-05,evidenced
2,1.4043661744363226e-05,overlay
2,1.4043661744363226e-05,multilobar
2,1.4043661744363226e-05,drainage
2,1.4043661744363226e-05,ratio
2,1.4043661744363226e-05,extremely
2,1.4043661744363226e-05,grade
2,1.4043661744363226e-05,narrow
2,1.4043661744363226e-05,localize
2,1.4043661744363226e-05,suspect
2,1.4043661744363226e-05,fold
2,1.4043661744363226e-05,degree
2,1.4043661744363226e-05,acetabulum
2,1.4043661744363226e-05,lv
2,1.4043661744363226e-05,ventricles
2,1.4043661744363226e-05,couple
2,1.4043661744363226e-05,tenting
2,1.4043661744363226e-05,hemodialysis
2,1.4043661744363226e-05,sent
2,1.4043661744363226e-05,regarding
2,1.4043661744363226e-05,bihilar
2,1.4043661744363226e-05,elbow
2,1.4043661744363226e-05,forearm
2,1.4043661744363226e-05,calcaneal
2,1.4043661744363226e-05,accessory
2,1.4043661744363226e-05,component
2,1.4043661744363226e-05,chondral
2,1.4043661744363226e-05,improving
2,1.4043661744363226e-05,osteodystrophy
2,1.4043661744363226e-05,outward
2,1.4043661744363226e-05,moved
2,1.4043661744363226e-05,obese
2,1.4043661744363226e-05,occluder
2,1.4043661744363226e-05,dyspnea
2,1.4043661744363226e-05,symptoms
2,1.4043661744363226e-05,adequately
2,1.4043661744363226e-05,imaged
2,1.4043661744363226e-05,favoring
2,1.4043661744363226e-05,repositioning
2,1.4043661744363226e-05,expansile
2,1.4043661744363226e-05,confirmation
2,1.4043661744363226e-05,gt
2,1.4043661744363226e-05,coronal
2,1.4043661744363226e-05,sagittal
2,1.4043661744363226e-05,sparing
2,1.4043661744363226e-05,pancreatitis
2,1.4043661744363226e-05,dextrocardia
2,1.4043661744363226e-05,primarily
2,1.4043661744363226e-05,br
2,1.4043661744363226e-05,nonobstructive
2,1.4043661744363226e-05,synovial
2,1.4043661744363226e-05,sixth
2,1.4043661744363226e-05,anchor
2,1.4043661744363226e-05,stated
2,1.4043661744363226e-05,streakiness
2,1.4043661744363226e-05,cartilages
2,1.4043661744363226e-05,progressive
2,1.4043661744363226e-05,retrohilar
2,1.4043661744363226e-05,found
2,1.4043661744363226e-05,medication
2,1.4043661744363226e-05,injection
2,1.4043661744363226e-05,correct
2,1.4043661744363226e-05,assessment
2,1.4043661744363226e-05,infracarinal
2,1.4043661744363226e-05,traction
2,1.4043661744363226e-05,readily
2,1.4043661744363226e-05,biventricular
2,1.4043661744363226e-05,kv
2,1.4043661744363226e-05,oval
2,1.4043661744363226e-05,number
2,1.4043661744363226e-05,epigastrium
2,1.4043661744363226e-05,degenerated
2,1.4043661744363226e-05,amputation
2,1.4043661744363226e-05,acuity
2,1.4043661744363226e-05,pleuroparenchymal
2,1.4043661744363226e-05,erosions
2,1.4043661744363226e-05,juxtahilar
2,1.4043661744363226e-05,especially
2,1.4043661744363226e-05,substantial
2,1.4043661744363226e-05,cassettes
1,7.021830872181613e-06,ossifications
1,7.021830872181613e-06,depending
1,7.021830872181613e-06,mechanism
1,7.021830872181613e-06,investigation
1,7.021830872181613e-06,pulmonic
1,7.021830872181613e-06,visualization
1,7.021830872181613e-06,my
1,7.021830872181613e-06,cephalization
1,7.021830872181613e-06,clarification
1,7.021830872181613e-06,thoraco
1,7.021830872181613e-06,comminuted
1,7.021830872181613e-06,thirds
1,7.021830872181613e-06,preserved
1,7.021830872181613e-06,dysmorphic
1,7.021830872181613e-06,ossification
1,7.021830872181613e-06,superolateral
1,7.021830872181613e-06,operative
1,7.021830872181613e-06,grafts
1,7.021830872181613e-06,centrilobular
1,7.021830872181613e-06,reasonable
1,7.021830872181613e-06,allow
1,7.021830872181613e-06,condition
1,7.021830872181613e-06,thoracentesis
1,7.021830872181613e-06,per
1,7.021830872181613e-06,exists
1,7.021830872181613e-06,then
1,7.021830872181613e-06,trabecular
1,7.021830872181613e-06,explained
1,7.021830872181613e-06,vessel
1,7.021830872181613e-06,accentuation
1,7.021830872181613e-06,clothing
1,7.021830872181613e-06,account
1,7.021830872181613e-06,radiating
1,7.021830872181613e-06,bordered
1,7.021830872181613e-06,convex
1,7.021830872181613e-06,extubation
1,7.021830872181613e-06,bronchopleural
1,7.021830872181613e-06,fistula
1,7.021830872181613e-06,shifted
1,7.021830872181613e-06,totally
1,7.021830872181613e-06,pression
1,7.021830872181613e-06,islands
1,7.021830872181613e-06,midright
1,7.021830872181613e-06,different
1,7.021830872181613e-06,cardiomyopathy
1,7.021830872181613e-06,suction
1,7.021830872181613e-06,aberrant
1,7.021830872181613e-06,variant
1,7.021830872181613e-06,patients
1,7.021830872181613e-06,interruption
1,7.021830872181613e-06,caudal
1,7.021830872181613e-06,manifestations
1,7.021830872181613e-06,recalled
1,7.021830872181613e-06,room
1,7.021830872181613e-06,subcapital
1,7.021830872181613e-06,informed
1,7.021830872181613e-06,impacted
1,7.021830872181613e-06,pelvic
1,7.021830872181613e-06,popliteal
1,7.021830872181613e-06,organomegaly
1,7.021830872181613e-06,hemothorax
1,7.021830872181613e-06,appearances
1,7.021830872181613e-06,interspaces
1,7.021830872181613e-06,suited
1,7.021830872181613e-06,bile
1,7.021830872181613e-06,non
1,7.021830872181613e-06,angulate
1,7.021830872181613e-06,aside
1,7.021830872181613e-06,valvuloplasty
1,7.021830872181613e-06,ekg
1,7.021830872181613e-06,cirrhotic
1,7.021830872181613e-06,observed
1,7.021830872181613e-06,upon
1,7.021830872181613e-06,coiled
1,7.021830872181613e-06,intervertebral
1,7.021830872181613e-06,necks
1,7.021830872181613e-06,arthroplasty
1,7.021830872181613e-06,entering
1,7.021830872181613e-06,definitive
1,7.021830872181613e-06,reviewed
1,7.021830872181613e-06,spur
1,7.021830872181613e-06,diagnostic
1,7.021830872181613e-06,brain
1,7.021830872181613e-06,varying
1,7.021830872181613e-06,sizes
1,7.021830872181613e-06,enchondroma
1,7.021830872181613e-06,infarct
1,7.021830872181613e-06,reference
1,7.021830872181613e-06,orif
1,7.021830872181613e-06,bacterial
1,7.021830872181613e-06,muscular
1,7.021830872181613e-06,dystrophy
1,7.021830872181613e-06,muscles
1,7.021830872181613e-06,support
1,7.021830872181613e-06,rods
1,7.021830872181613e-06,noncontrasted
1,7.021830872181613e-06,enhanced
1,7.021830872181613e-06,making
1,7.021830872181613e-06,implantable
1,7.021830872181613e-06,costodiaphragmatic
1,7.021830872181613e-06,segments
1,7.021830872181613e-06,mucous
1,7.021830872181613e-06,solid
1,7.021830872181613e-06,physiology
1,7.021830872181613e-06,constellation
1,7.021830872181613e-06,myocardial
1,7.021830872181613e-06,revascularization
1,7.021830872181613e-06,relating
1,7.021830872181613e-06,vena
1,7.021830872181613e-06,intramedullary
1,7.021830872181613e-06,limbus
1,7.021830872181613e-06,technologist
1,7.021830872181613e-06,peritracheal
1,7.021830872181613e-06,generative
1,7.021830872181613e-06,aneurysmal
1,7.021830872181613e-06,cta
1,7.021830872181613e-06,bulge
1,7.021830872181613e-06,spondylitic
1,7.021830872181613e-06,subsequent
1,7.021830872181613e-06,indolent
1,7.021830872181613e-06,here
1,7.021830872181613e-06,prostate
1,7.021830872181613e-06,unless
1,7.021830872181613e-06,recently
1,7.021830872181613e-06,rectal
1,7.021830872181613e-06,balloon
1,7.021830872181613e-06,artifactually
1,7.021830872181613e-06,verify
1,7.021830872181613e-06,unilateral
1,7.021830872181613e-06,questioned
1,7.021830872181613e-06,incomplete
1,7.021830872181613e-06,spherical
1,7.021830872181613e-06,apparently
1,7.021830872181613e-06,hepatic
1,7.021830872181613e-06,widespread
1,7.021830872181613e-06,differentiate
1,7.021830872181613e-06,reasonably
1,7.021830872181613e-06,definition
1,7.021830872181613e-06,plates
1,7.021830872181613e-06,malleoli
1,7.021830872181613e-06,b
1,7.021830872181613e-06,compartments
1,7.021830872181613e-06,leftward
1,7.021830872181613e-06,shortening
1,7.021830872181613e-06,monitoring
1,7.021830872181613e-06,elongation
1,7.021830872181613e-06,gallstone
1,7.021830872181613e-06,tract
1,7.021830872181613e-06,lymphangitic
1,7.021830872181613e-06,spread
1,7.021830872181613e-06,etiologies
1,7.021830872181613e-06,mycoplasma
1,7.021830872181613e-06,segmental
1,7.021830872181613e-06,accessed
1,7.021830872181613e-06,cross
1,7.021830872181613e-06,sectional
1,7.021830872181613e-06,bipolar
1,7.021830872181613e-06,computed
1,7.021830872181613e-06,tomogram
1,7.021830872181613e-06,communicated
1,7.021830872181613e-06,hypoventilatory
1,7.021830872181613e-06,electrodes
1,7.021830872181613e-06,submitted
1,7.021830872181613e-06,retrosternally
1,7.021830872181613e-06,morgagni
1,7.021830872181613e-06,inability
1,7.021830872181613e-06,gastric
1,7.021830872181613e-06,dilation
1,7.021830872181613e-06,ureteral
1,7.021830872181613e-06,cervicothoracic
1,7.021830872181613e-06,persistence
1,7.021830872181613e-06,geode
1,7.021830872181613e-06,geographic
1,7.021830872181613e-06,extreme
1,7.021830872181613e-06,paraesophageal
1,7.021830872181613e-06,intrapulmonary
1,7.021830872181613e-06,underpenetration
1,7.021830872181613e-06,attributed
1,7.021830872181613e-06,extraluminal
1,7.021830872181613e-06,provide
1,7.021830872181613e-06,elsewhere
1,7.021830872181613e-06,cxr
1,7.021830872181613e-06,bronchopulmonary
1,7.021830872181613e-06,severely
1,7.021830872181613e-06,believed
1,7.021830872181613e-06,pseudofissure
1,7.021830872181613e-06,xxxxpm
1,7.021830872181613e-06,accepted
1,7.021830872181613e-06,faxed
1,7.021830872181613e-06,indwelling
1,7.021830872181613e-06,reversal
1,7.021830872181613e-06,lordosis
1,7.021830872181613e-06,muscle
1,7.021830872181613e-06,spasm
1,7.021830872181613e-06,phenomenon
1,7.021830872181613e-06,sinuses
1,7.021830872181613e-06,voluntary
1,7.021830872181613e-06,fully
1,7.021830872181613e-06,reactivation
1,7.021830872181613e-06,subcentimeter
1,7.021830872181613e-06,bullets
1,7.021830872181613e-06,neurostimulator
1,7.021830872181613e-06,arising
1,7.021830872181613e-06,date
1,7.021830872181613e-06,shortness
1,7.021830872181613e-06,breath
1,7.021830872181613e-06,spiculated
1,7.021830872181613e-06,advised
1,7.021830872181613e-06,noticed
1,7.021830872181613e-06,kidneys
1,7.021830872181613e-06,poly
1,7.021830872181613e-06,cholelithiasis
1,7.021830872181613e-06,avn
1,7.021830872181613e-06,endplates
1,7.021830872181613e-06,depression
1,7.021830872181613e-06,hemiabdomen
1,7.021830872181613e-06,gallstones
1,7.021830872181613e-06,crosses
1,7.021830872181613e-06,flexion
1,7.021830872181613e-06,abnormally
1,7.021830872181613e-06,intussusception
1,7.021830872181613e-06,occult
1,7.021830872181613e-06,inthe
1,7.021830872181613e-06,swimmers
1,7.021830872181613e-06,malalignment
1,7.021830872181613e-06,intrathecal
1,7.021830872181613e-06,bronchiectatic
1,7.021830872181613e-06,hemopneumothorax
1,7.021830872181613e-06,shrapnel
1,7.021830872181613e-06,hemorrhage
1,7.021830872181613e-06,maximal
1,7.021830872181613e-06,midshaft
1,7.021830872181613e-06,once
1,7.021830872181613e-06,retention
1,7.021830872181613e-06,initiated
1,7.021830872181613e-06,contrasted
1,7.021830872181613e-06,suggestions
1,7.021830872181613e-06,underinflation
1,7.021830872181613e-06,osteophytic
1,7.021830872181613e-06,thready
1,7.021830872181613e-06,marrow
1,7.021830872181613e-06,aorticopulmonary
1,7.021830872181613e-06,resultant
1,7.021830872181613e-06,great
1,7.021830872181613e-06,underneath
1,7.021830872181613e-06,reflex
1,7.021830872181613e-06,showing
1,7.021830872181613e-06,undergone
1,7.021830872181613e-06,radiology
1,7.021830872181613e-06,nonconsolidating
1,7.021830872181613e-06,perforation
1,7.021830872181613e-06,winged
1,7.021830872181613e-06,supporting
1,7.021830872181613e-06,likewise
1,7.021830872181613e-06,passes
1,7.021830872181613e-06,anterolateral
1,7.021830872181613e-06,nondilated
1,7.021830872181613e-06,syndesmophyte
1,7.021830872181613e-06,perform
1,7.021830872181613e-06,extrapleural
1,7.021830872181613e-06,respect
1,7.021830872181613e-06,wide
1,7.021830872181613e-06,predominance
1,7.021830872181613e-06,determined
1,7.021830872181613e-06,fungal
1,7.021830872181613e-06,centered
1,7.021830872181613e-06,pannus
1,7.021830872181613e-06,strongly
1,7.021830872181613e-06,skinfold
1,7.021830872181613e-06,underpenetrated
1,7.021830872181613e-06,tibial
1,7.021830872181613e-06,plateaus
1,7.021830872181613e-06,interrupted
1,7.021830872181613e-06,sulcal
1,7.021830872181613e-06,tracking
1,7.021830872181613e-06,mechanical
1,7.021830872181613e-06,distended
1,7.021830872181613e-06,formed
1,7.021830872181613e-06,buckling
1,7.021830872181613e-06,energy
1,7.021830872181613e-06,indistinctness
1,7.021830872181613e-06,appendage
1,7.021830872181613e-06,online
1,7.021830872181613e-06,subglottic
1,7.021830872181613e-06,biliary
1,7.021830872181613e-06,something
1,7.021830872181613e-06,besides
1,7.021830872181613e-06,inserted
1,7.021830872181613e-06,staff
1,7.021830872181613e-06,raising
1,7.021830872181613e-06,lipoma
1,7.021830872181613e-06,xray
1,7.021830872181613e-06,beyond
1,7.021830872181613e-06,compensatory
1,7.021830872181613e-06,diminutive
1,7.021830872181613e-06,accentuates
1,7.021830872181613e-06,uniformly
1,7.021830872181613e-06,vertically
1,7.021830872181613e-06,purpose
1,7.021830872181613e-06,planning
1,7.021830872181613e-06,attention
1,7.021830872181613e-06,orientation
1,7.021830872181613e-06,pneumonic
1,7.021830872181613e-06,attributable
1,7.021830872181613e-06,sternoclavicular
1,7.021830872181613e-06,suprapatellar
1,7.021830872181613e-06,actual
1,7.021830872181613e-06,seems
1,7.021830872181613e-06,cavitations
1,7.021830872181613e-06,reaches
1,7.021830872181613e-06,focused
1,7.021830872181613e-06,focally
1,7.021830872181613e-06,midclavicular
1,7.021830872181613e-06,units
1,7.021830872181613e-06,six
1,7.021830872181613e-06,lymphoid
1,7.021830872181613e-06,contributes
1,7.021830872181613e-06,pain
1,7.021830872181613e-06,extension
1,7.021830872181613e-06,enthesopathy
1,7.021830872181613e-06,plantar
1,7.021830872181613e-06,enthesophyte
1,7.021830872181613e-06,demonstrable
1,7.021830872181613e-06,cachexia
1,7.021830872181613e-06,vasculaturity
1,7.021830872181613e-06,attached
1,7.021830872181613e-06,coracoid
1,7.021830872181613e-06,articular
1,7.021830872181613e-06,cutaneous
1,7.021830872181613e-06,coracoclavicular
1,7.021830872181613e-06,postprocedural
1,7.021830872181613e-06,inspirational
1,7.021830872181613e-06,concomitant
1,7.021830872181613e-06,cerclage
1,7.021830872181613e-06,splinting
1,7.021830872181613e-06,superimposing
1,7.021830872181613e-06,blood
1,7.021830872181613e-06,worst
1,7.021830872181613e-06,those
1,7.021830872181613e-06,having
1,7.021830872181613e-06,simply
1,7.021830872181613e-06,morbidly
1,7.021830872181613e-06,developmental
1,7.021830872181613e-06,anomaly
1,7.021830872181613e-06,congenital
1,7.021830872181613e-06,oligemia
1,7.021830872181613e-06,inspiration
1,7.021830872181613e-06,difference
1,7.021830872181613e-06,distributed
1,7.021830872181613e-06,aorto
1,7.021830872181613e-06,iliac
1,7.021830872181613e-06,infiltrative
1,7.021830872181613e-06,sensitive
1,7.021830872181613e-06,detecting
1,7.021830872181613e-06,mri
1,7.021830872181613e-06,conveyed
1,7.021830872181613e-06,communication
1,7.021830872181613e-06,jewelry
1,7.021830872181613e-06,advancement
1,7.021830872181613e-06,paralysis
1,7.021830872181613e-06,fluoroscopic
1,7.021830872181613e-06,nasopharynx
1,7.021830872181613e-06,telemetry
1,7.021830872181613e-06,lt
1,7.021830872181613e-06,reformatted
1,7.021830872181613e-06,institution
1,7.021830872181613e-06,confidently
1,7.021830872181613e-06,reformats
1,7.021830872181613e-06,opportunistic
1,7.021830872181613e-06,distinct
1,7.021830872181613e-06,diaphragmatic
1,7.021830872181613e-06,hump
1,7.021830872181613e-06,pleuritis
1,7.021830872181613e-06,sympathetic
1,7.021830872181613e-06,raises
1,7.021830872181613e-06,generally
1,7.021830872181613e-06,groundglass
1,7.021830872181613e-06,hemoptysis
1,7.021830872181613e-06,superimposes
1,7.021830872181613e-06,employed
1,7.021830872181613e-06,notify
1,7.021830872181613e-06,referring
1,7.021830872181613e-06,physicians
1,7.021830872181613e-06,dextroconvex
1,7.021830872181613e-06,parapneumonic
1,7.021830872181613e-06,mentally
1,7.021830872181613e-06,piercings
1,7.021830872181613e-06,osteochondromas
1,7.021830872181613e-06,reduction
1,7.021830872181613e-06,stringy
1,7.021830872181613e-06,systems
1,7.021830872181613e-06,midlower
1,7.021830872181613e-06,outlining
1,7.021830872181613e-06,infraclavicular
1,7.021830872181613e-06,nodularity
1,7.021830872181613e-06,distending
1,7.021830872181613e-06,cartilage
1,7.021830872181613e-06,core
1,7.021830872181613e-06,lentiform
1,7.021830872181613e-06,hyperdensity
1,7.021830872181613e-06,hypodense
1,7.021830872181613e-06,torturous
1,7.021830872181613e-06,exchange
1,7.021830872181613e-06,exchanged
1,7.021830872181613e-06,phleboliths
1,7.021830872181613e-06,almost
1,7.021830872181613e-06,considerably
1,7.021830872181613e-06,indicates
1,7.021830872181613e-06,institutions
1,7.021830872181613e-06,pronounced
1,7.021830872181613e-06,cardiothymic
1,7.021830872181613e-06,malpositioned
1,7.021830872181613e-06,inhalational
1,7.021830872181613e-06,full
1,7.021830872181613e-06,superimposition
1,7.021830872181613e-06,showed
1,7.021830872181613e-06,paramediastinal
1,7.021830872181613e-06,hindfoot
1,7.021830872181613e-06,forefoot
1,7.021830872181613e-06,epipericardial
1,7.021830872181613e-06,aspergilloma
1,7.021830872181613e-06,look
1,7.021830872181613e-06,ligamentous
1,7.021830872181613e-06,transection
1,7.021830872181613e-06,closely
1,7.021830872181613e-06,nephrostomy
1,7.021830872181613e-06,straightening
1,7.021830872181613e-06,arteriographic
1,7.021830872181613e-06,reconstructed
1,7.021830872181613e-06,osteochondromatosis
1,7.021830872181613e-06,consolidated
1,7.021830872181613e-06,direct
1,7.021830872181613e-06,expiratory
1,7.021830872181613e-06,repeated
1,7.021830872181613e-06,abut
1,7.021830872181613e-06,sign
1,7.021830872181613e-06,residua
1,7.021830872181613e-06,osteocartilaginous
1,7.021830872181613e-06,conceivably
1,7.021830872181613e-06,distortion
1,7.021830872181613e-06,regular
1,7.021830872181613e-06,today
1,7.021830872181613e-06,example
1,7.021830872181613e-06,stabilization
1,7.021830872181613e-06,correction
1,7.021830872181613e-06,magnification
1,7.021830872181613e-06,we
1,7.021830872181613e-06,processes
1,7.021830872181613e-06,interlobar
1,7.021830872181613e-06,identity
1,7.021830872181613e-06,exist
1,7.021830872181613e-06,depressions
1,7.021830872181613e-06,deformed
1,7.021830872181613e-06,magnified
1,7.021830872181613e-06,exacerbation
1,7.021830872181613e-06,traverses
1,7.021830872181613e-06,portacatheter
1,7.021830872181613e-06,effort
1,7.021830872181613e-06,expansion
1,7.021830872181613e-06,crosstable
1,7.021830872181613e-06,articulation
1,7.021830872181613e-06,remodeling
1,7.021830872181613e-06,ruled
1,7.021830872181613e-06,hypertrophy
1,7.021830872181613e-06,p
1,7.021830872181613e-06,addended
1,7.021830872181613e-06,obviously
1,7.021830872181613e-06,pretracheal
1,7.021830872181613e-06,continues
1,7.021830872181613e-06,transmetatarsal
1,7.021830872181613e-06,infections
1,7.021830872181613e-06,accompanied
1,7.021830872181613e-06,centimeters
1,7.021830872181613e-06,become
1,7.021830872181613e-06,last
1,7.021830872181613e-06,junctions
1,7.021830872181613e-06,diverticula
1,7.021830872181613e-06,flexure
1,7.021830872181613e-06,defect
1,7.021830872181613e-06,laparoscopic
1,7.021830872181613e-06,pancreatic
1,7.021830872181613e-06,correlated
1,7.021830872181613e-06,anterolisthesis
1,7.021830872181613e-06,clipped
1,7.021830872181613e-06,feasible
1,7.021830872181613e-06,worsened
1,7.021830872181613e-06,doctor
1,7.021830872181613e-06,service
1,7.021830872181613e-06,subjacent
1,7.021830872181613e-06,supraclavicular
1,7.021830872181613e-06,fossae
1,7.021830872181613e-06,maximum
1,7.021830872181613e-06,lymphoproliferative
1,7.021830872181613e-06,postobstructive
1,7.021830872181613e-06,details
1,7.021830872181613e-06,retropulsion
1,7.021830872181613e-06,ordered
1,7.021830872181613e-06,dictation
1,7.021830872181613e-06,umbilical
1,7.021830872181613e-06,presumably
1,7.021830872181613e-06,nondiagnostic
1,7.021830872181613e-06,triangular
1,7.021830872181613e-06,presumed
1,7.021830872181613e-06,ligamentum
1,7.021830872181613e-06,arteriosum
1,7.021830872181613e-06,extending
1,7.021830872181613e-06,trying
1,7.021830872181613e-06,arrange
1,7.021830872181613e-06,admission
1,7.021830872181613e-06,exclusion
1,7.021830872181613e-06,element
1,7.021830872181613e-06,scant
1,7.021830872181613e-06,marking
1,7.021830872181613e-06,posterobasal
1,7.021830872181613e-06,they
1,7.021830872181613e-06,degenerate
1,7.021830872181613e-06,retracted
1,7.021830872181613e-06,collapsed
1,7.021830872181613e-06,stranding
1,7.021830872181613e-06,pneumatoceles
1,7.021830872181613e-06,representative
1,7.021830872181613e-06,verification
1,7.021830872181613e-06,crescentic
1,7.021830872181613e-06,extends
1,7.021830872181613e-06,site
1,7.021830872181613e-06,lytic
1,7.021830872181613e-06,coils
1,7.021830872181613e-06,overexpanded
